"Pop_Code","Plant_ID","Year","yday","Site","Latitude","Longitude"
"1","1_BEF_C13_1_1",2008,168,"1_BEF",39.059479,-78.059835
"2","1_BEF_C11_1_2",2008,180,"1_BEF",39.059479,-78.059835
"3","1_BEF_A16_1_3",2008,165,"1_BEF",39.059479,-78.059835
"4","1_BEF_C20_1_4",2008,193,"1_BEF",39.059479,-78.059835
"5","1_BEF_T3_1_5",2008,171,"1_BEF",39.059479,-78.059835
"6","1_BEF_C18_1_6",2008,180,"1_BEF",39.059479,-78.059835
"7","1_BEF_C22_1_7",2008,169,"1_BEF",39.059479,-78.059835
"8","1_BEF_E27_1_8",2008,176,"1_BEF",39.059479,-78.059835
"9","1_BEF_C1_1_9",2008,172,"1_BEF",39.059479,-78.059835
"10","1_BEF_J1_1_10",2008,193,"1_BEF",39.059479,-78.059835
"11","1_BEF_C20_1_11",2008,185,"1_BEF",39.059479,-78.059835
"12","1_BEF_E6_1_12",2008,172,"1_BEF",39.059479,-78.059835
"13","1_BEF_S12_1_13",2008,190,"1_BEF",39.059479,-78.059835
"14","1_BEF_E3_1_14",2008,174,"1_BEF",39.059479,-78.059835
"15","1_BEF_J26_1_15",2008,183,"1_BEF",39.059479,-78.059835
"16","1_BEF_S10_1_16",2008,193,"1_BEF",39.059479,-78.059835
"17","1_BEF_A18_1_17",2008,178,"1_BEF",39.059479,-78.059835
"18","1_BEF_E13_1_18",2008,167,"1_BEF",39.059479,-78.059835
"19","1_BEF_T11_1_19",2008,198,"1_BEF",39.059479,-78.059835
"20","1_BEF_J21_1_20",2008,190,"1_BEF",39.059479,-78.059835
"21","1_BEF_S6_1_21",2008,187,"1_BEF",39.059479,-78.059835
"22","1_BEF_E25_1_22",2008,171,"1_BEF",39.059479,-78.059835
"23","1_BEF_S19_2_1",2008,176,"1_BEF",39.059479,-78.059835
"24","1_BEF_J11_2_2",2008,173,"1_BEF",39.059479,-78.059835
"25","1_BEF_S15_2_3",2008,190,"1_BEF",39.059479,-78.059835
"26","1_BEF_S9_2_4",2008,185,"1_BEF",39.059479,-78.059835
"27","1_BEF_C19_2_5",2008,176,"1_BEF",39.059479,-78.059835
"28","1_BEF_E2_2_6",2008,178,"1_BEF",39.059479,-78.059835
"29","1_BEF_J24_2_7",2008,183,"1_BEF",39.059479,-78.059835
"30","1_BEF_C19_2_8",2008,178,"1_BEF",39.059479,-78.059835
"31","1_BEF_T15_2_9",2008,193,"1_BEF",39.059479,-78.059835
"32","1_BEF_A6_2_10",2008,168,"1_BEF",39.059479,-78.059835
"33","1_BEF_S23_2_11",2008,193,"1_BEF",39.059479,-78.059835
"34","1_BEF_J7_2_12",2008,190,"1_BEF",39.059479,-78.059835
"35","1_BEF_T1_2_13",2008,183,"1_BEF",39.059479,-78.059835
"36","1_BEF_E15_2_14",2008,164,"1_BEF",39.059479,-78.059835
"37","1_BEF_E11_2_15",2008,174,"1_BEF",39.059479,-78.059835
"38","1_BEF_E15_2_16",2008,181,"1_BEF",39.059479,-78.059835
"39","1_BEF_E12_2_17",2008,176,"1_BEF",39.059479,-78.059835
"40","1_BEF_J1_2_18",2008,193,"1_BEF",39.059479,-78.059835
"41","1_BEF_C30_2_20",2008,178,"1_BEF",39.059479,-78.059835
"42","1_BEF_C28_2_21",2008,169,"1_BEF",39.059479,-78.059835
"43","1_BEF_S19_2_22",2008,195,"1_BEF",39.059479,-78.059835
"44","1_BEF_A20_2_23",2008,176,"1_BEF",39.059479,-78.059835
"45","1_BEF_E17_3_1",2008,167,"1_BEF",39.059479,-78.059835
"46","1_BEF_E30_3_2",2008,172,"1_BEF",39.059479,-78.059835
"47","1_BEF_A15_3_3",2008,185,"1_BEF",39.059479,-78.059835
"48","1_BEF_C18_3_4",2008,171,"1_BEF",39.059479,-78.059835
"49","1_BEF_J18_3_6",2008,205,"1_BEF",39.059479,-78.059835
"50","1_BEF_J25_3_7",2008,178,"1_BEF",39.059479,-78.059835
"51","1_BEF_E2_3_8",2008,190,"1_BEF",39.059479,-78.059835
"52","1_BEF_T6_3_9",2008,187,"1_BEF",39.059479,-78.059835
"53","1_BEF_C11_3_10",2008,185,"1_BEF",39.059479,-78.059835
"54","1_BEF_C13_3_11",2008,176,"1_BEF",39.059479,-78.059835
"55","1_BEF_C22_3_12",2008,171,"1_BEF",39.059479,-78.059835
"56","1_BEF_E27_3_13",2008,176,"1_BEF",39.059479,-78.059835
"57","1_BEF_S1_3_14",2008,190,"1_BEF",39.059479,-78.059835
"58","1_BEF_J22_3_15",2008,183,"1_BEF",39.059479,-78.059835
"59","1_BEF_J15_3_16",2008,185,"1_BEF",39.059479,-78.059835
"60","1_BEF_J9_3_17",2008,185,"1_BEF",39.059479,-78.059835
"61","1_BEF_C30_3_18",2008,172,"1_BEF",39.059479,-78.059835
"62","1_BEF_S2_3_19",2008,208,"1_BEF",39.059479,-78.059835
"63","1_BEF_C15_3_21",2008,178,"1_BEF",39.059479,-78.059835
"64","1_BEF_J17_3_22",2008,178,"1_BEF",39.059479,-78.059835
"65","1_BEF_C17_4_2",2008,163,"1_BEF",39.059479,-78.059835
"66","1_BEF_S4_4_4",2008,193,"1_BEF",39.059479,-78.059835
"67","1_BEF_S23_4_5",2008,193,"1_BEF",39.059479,-78.059835
"68","1_BEF_S2_4_6",2008,205,"1_BEF",39.059479,-78.059835
"69","1_BEF_C2_4_7",2008,168,"1_BEF",39.059479,-78.059835
"70","1_BEF_A2_4_8",2008,173,"1_BEF",39.059479,-78.059835
"71","1_BEF_E30_4_9",2008,171,"1_BEF",39.059479,-78.059835
"72","1_BEF_J7_4_10",2008,187,"1_BEF",39.059479,-78.059835
"73","1_BEF_E17_4_11",2008,169,"1_BEF",39.059479,-78.059835
"74","1_BEF_E12_4_12",2008,173,"1_BEF",39.059479,-78.059835
"75","1_BEF_J3_4_13",2008,193,"1_BEF",39.059479,-78.059835
"76","1_BEF_C2_4_14",2008,168,"1_BEF",39.059479,-78.059835
"77","1_BEF_T14_4_15",2008,193,"1_BEF",39.059479,-78.059835
"78","1_BEF_C17_4_16",2008,176,"1_BEF",39.059479,-78.059835
"79","1_BEF_J28_4_17",2008,183,"1_BEF",39.059479,-78.059835
"80","1_BEF_A18_4_18",2008,166,"1_BEF",39.059479,-78.059835
"81","1_BEF_C15_4_19",2008,171,"1_BEF",39.059479,-78.059835
"82","1_BEF_E6_4_20",2008,174,"1_BEF",39.059479,-78.059835
"83","1_BEF_E23_4_21",2008,173,"1_BEF",39.059479,-78.059835
"84","1_BEF_T15_4_22",2008,190,"1_BEF",39.059479,-78.059835
"85","1_BEF_S10_4_23",2008,193,"1_BEF",39.059479,-78.059835
"86","1_BEF_T11_5_1",2008,190,"1_BEF",39.059479,-78.059835
"87","1_BEF_J10_5_2",2008,193,"1_BEF",39.059479,-78.059835
"88","1_BEF_S1_5_3",2008,195,"1_BEF",39.059479,-78.059835
"89","1_BEF_S12_5_4",2008,187,"1_BEF",39.059479,-78.059835
"90","1_BEF_J22_5_5",2008,178,"1_BEF",39.059479,-78.059835
"91","1_BEF_J26_5_6",2008,180,"1_BEF",39.059479,-78.059835
"92","1_BEF_C14_5_7",2008,173,"1_BEF",39.059479,-78.059835
"93","1_BEF_E18_5_8",2008,164,"1_BEF",39.059479,-78.059835
"94","1_BEF_A6_5_9",2008,174,"1_BEF",39.059479,-78.059835
"95","1_BEF_S22_5_10",2008,195,"1_BEF",39.059479,-78.059835
"96","1_BEF_S13_5_11",2008,198,"1_BEF",39.059479,-78.059835
"97","1_BEF_J11_5_12",2008,181,"1_BEF",39.059479,-78.059835
"98","1_BEF_E13_5_13",2008,178,"1_BEF",39.059479,-78.059835
"99","1_BEF_E16_5_14",2008,166,"1_BEF",39.059479,-78.059835
"100","1_BEF_E16_5_15",2008,171,"1_BEF",39.059479,-78.059835
"101","1_BEF_S6_5_16",2008,187,"1_BEF",39.059479,-78.059835
"102","1_BEF_S20_5_17",2008,187,"1_BEF",39.059479,-78.059835
"103","1_BEF_J15_5_18",2008,183,"1_BEF",39.059479,-78.059835
"104","1_BEF_A22_5_19",2008,171,"1_BEF",39.059479,-78.059835
"105","1_BEF_S20_5_20",2008,195,"1_BEF",39.059479,-78.059835
"106","1_BEF_J17_5_21",2008,181,"1_BEF",39.059479,-78.059835
"107","1_BEF_S9_5_22",2008,198,"1_BEF",39.059479,-78.059835
"108","1_BEF_J10_6_1",2008,183,"1_BEF",39.059479,-78.059835
"109","1_BEF_A22_6_2",2008,179,"1_BEF",39.059479,-78.059835
"110","1_BEF_T1_6_3",2008,178,"1_BEF",39.059479,-78.059835
"111","1_BEF_J21_6_4",2008,190,"1_BEF",39.059479,-78.059835
"112","1_BEF_J18_6_5",2008,187,"1_BEF",39.059479,-78.059835
"113","1_BEF_T14_6_6",2008,190,"1_BEF",39.059479,-78.059835
"114","1_BEF_C29_6_7",2008,183,"1_BEF",39.059479,-78.059835
"115","1_BEF_A20_6_8",2008,176,"1_BEF",39.059479,-78.059835
"116","1_BEF_T10_6_9",2008,183,"1_BEF",39.059479,-78.059835
"117","1_BEF_E25_6_10",2008,190,"1_BEF",39.059479,-78.059835
"118","1_BEF_E18_6_11",2008,166,"1_BEF",39.059479,-78.059835
"119","1_BEF_J25_6_12",2008,187,"1_BEF",39.059479,-78.059835
"120","1_BEF_S4_6_13",2008,193,"1_BEF",39.059479,-78.059835
"121","1_BEF_A2_6_14",2008,164,"1_BEF",39.059479,-78.059835
"122","1_BEF_T2_6_15",2008,193,"1_BEF",39.059479,-78.059835
"123","1_BEF_T2_6_16",2008,195,"1_BEF",39.059479,-78.059835
"124","1_BEF_E3_6_17",2008,178,"1_BEF",39.059479,-78.059835
"125","1_BEF_C28_6_18",2008,183,"1_BEF",39.059479,-78.059835
"126","1_BEF_J3_6_19",2008,187,"1_BEF",39.059479,-78.059835
"127","1_BEF_J9_6_20",2008,183,"1_BEF",39.059479,-78.059835
"128","1_BEF_C29_6_21",2008,173,"1_BEF",39.059479,-78.059835
"129","1_BEF_A16_6_22",2008,178,"1_BEF",39.059479,-78.059835
"130","2_KSR_T9_1_1",2008,215,"2_KSR",44.027957,-79.541863
"131","2_KSR_C14_1_2",2008,192,"2_KSR",44.027957,-79.541863
"132","2_KSR_J15_1_3",2008,205,"2_KSR",44.027957,-79.541863
"133","2_KSR_S22_1_4",2008,238,"2_KSR",44.027957,-79.541863
"134","2_KSR_T3_1_5",2008,220,"2_KSR",44.027957,-79.541863
"135","2_KSR_S9_1_6",2008,216,"2_KSR",44.027957,-79.541863
"136","2_KSR_J22_1_7",2008,207,"2_KSR",44.027957,-79.541863
"137","2_KSR_A22_1_8",2008,195,"2_KSR",44.027957,-79.541863
"138","2_KSR_J26_1_9",2008,203,"2_KSR",44.027957,-79.541863
"139","2_KSR_T11_1_10",2008,207,"2_KSR",44.027957,-79.541863
"140","2_KSR_C27_1_11",2008,195,"2_KSR",44.027957,-79.541863
"141","2_KSR_S22_1_12",2008,247,"2_KSR",44.027957,-79.541863
"142","2_KSR_S17_1_13",2008,235,"2_KSR",44.027957,-79.541863
"143","2_KSR_S10_1_14",2008,214,"2_KSR",44.027957,-79.541863
"144","2_KSR_C30_1_15",2008,193,"2_KSR",44.027957,-79.541863
"145","2_KSR_T3_1_16",2008,202,"2_KSR",44.027957,-79.541863
"146","2_KSR_C17_1_17",2008,195,"2_KSR",44.027957,-79.541863
"147","2_KSR_E3_1_18",2008,197,"2_KSR",44.027957,-79.541863
"148","2_KSR_C19_1_19",2008,206,"2_KSR",44.027957,-79.541863
"149","2_KSR_T1_1_20",2008,216,"2_KSR",44.027957,-79.541863
"150","2_KSR_E16_1_21",2008,191,"2_KSR",44.027957,-79.541863
"151","2_KSR_S10_1_22",2008,218,"2_KSR",44.027957,-79.541863
"152","2_KSR_E16_1_23",2008,198,"2_KSR",44.027957,-79.541863
"153","2_KSR_S20_1_24",2008,218,"2_KSR",44.027957,-79.541863
"154","2_KSR_E12_1_25",2008,205,"2_KSR",44.027957,-79.541863
"155","2_KSR_J15_2_1",2008,201,"2_KSR",44.027957,-79.541863
"156","2_KSR_E6_2_2",2008,191,"2_KSR",44.027957,-79.541863
"157","2_KSR_E24_2_3",2008,195,"2_KSR",44.027957,-79.541863
"158","2_KSR_A7_2_4",2008,193,"2_KSR",44.027957,-79.541863
"159","2_KSR_J1_2_5",2008,205,"2_KSR",44.027957,-79.541863
"160","2_KSR_C11_2_6",2008,195,"2_KSR",44.027957,-79.541863
"161","2_KSR_J9_2_7",2008,198,"2_KSR",44.027957,-79.541863
"162","2_KSR_C30_2_8",2008,193,"2_KSR",44.027957,-79.541863
"163","2_KSR_A18_2_9",2008,192,"2_KSR",44.027957,-79.541863
"164","2_KSR_E15_2_10",2008,191,"2_KSR",44.027957,-79.541863
"165","2_KSR_E30_2_11",2008,191,"2_KSR",44.027957,-79.541863
"166","2_KSR_S2_2_12",2008,207,"2_KSR",44.027957,-79.541863
"167","2_KSR_C11_2_13",2008,191,"2_KSR",44.027957,-79.541863
"168","2_KSR_J21_2_14",2008,201,"2_KSR",44.027957,-79.541863
"169","2_KSR_J10_2_15",2008,207,"2_KSR",44.027957,-79.541863
"170","2_KSR_E4_2_16",2008,191,"2_KSR",44.027957,-79.541863
"171","2_KSR_E23_2_17",2008,191,"2_KSR",44.027957,-79.541863
"172","2_KSR_E15_2_18",2008,192,"2_KSR",44.027957,-79.541863
"173","2_KSR_C1_2_19",2008,191,"2_KSR",44.027957,-79.541863
"174","2_KSR_C28_2_20",2008,192,"2_KSR",44.027957,-79.541863
"175","2_KSR_S6_2_21",2008,201,"2_KSR",44.027957,-79.541863
"176","2_KSR_J28_2_22",2008,205,"2_KSR",44.027957,-79.541863
"177","2_KSR_A7_2_23",2008,192,"2_KSR",44.027957,-79.541863
"178","2_KSR_S19_2_24",2008,235,"2_KSR",44.027957,-79.541863
"179","2_KSR_C18_2_25",2008,200,"2_KSR",44.027957,-79.541863
"180","2_KSR_T6_3_1",2008,205,"2_KSR",44.027957,-79.541863
"181","2_KSR_J25_3_2",2008,193,"2_KSR",44.027957,-79.541863
"182","2_KSR_J17_3_3",2008,206,"2_KSR",44.027957,-79.541863
"183","2_KSR_A20_3_4",2008,192,"2_KSR",44.027957,-79.541863
"184","2_KSR_C18_3_5",2008,198,"2_KSR",44.027957,-79.541863
"185","2_KSR_T15_3_6",2008,207,"2_KSR",44.027957,-79.541863
"186","2_KSR_S6_3_7",2008,198,"2_KSR",44.027957,-79.541863
"187","2_KSR_C14_3_8",2008,192,"2_KSR",44.027957,-79.541863
"188","2_KSR_J26_3_9",2008,205,"2_KSR",44.027957,-79.541863
"189","2_KSR_C13_3_10",2008,195,"2_KSR",44.027957,-79.541863
"190","2_KSR_C22_3_11",2008,191,"2_KSR",44.027957,-79.541863
"191","2_KSR_A6_3_12",2008,191,"2_KSR",44.027957,-79.541863
"192","2_KSR_A2_3_13",2008,195,"2_KSR",44.027957,-79.541863
"193","2_KSR_C27_3_14",2008,195,"2_KSR",44.027957,-79.541863
"194","2_KSR_C20_3_16",2008,198,"2_KSR",44.027957,-79.541863
"195","2_KSR_C28_3_17",2008,195,"2_KSR",44.027957,-79.541863
"196","2_KSR_C29_3_18",2008,198,"2_KSR",44.027957,-79.541863
"197","2_KSR_C15_3_19",2008,195,"2_KSR",44.027957,-79.541863
"198","2_KSR_J11_3_20",2008,201,"2_KSR",44.027957,-79.541863
"199","2_KSR_S17_3_21",2008,220,"2_KSR",44.027957,-79.541863
"200","2_KSR_J24_3_22",2008,193,"2_KSR",44.027957,-79.541863
"201","2_KSR_C2_3_23",2008,195,"2_KSR",44.027957,-79.541863
"202","2_KSR_J7_3_24",2008,193,"2_KSR",44.027957,-79.541863
"203","2_KSR_S15_3_25",2008,212,"2_KSR",44.027957,-79.541863
"204","2_KSR_J21_4_2",2008,197,"2_KSR",44.027957,-79.541863
"205","2_KSR_A6_4_3",2008,197,"2_KSR",44.027957,-79.541863
"206","2_KSR_E3_4_4",2008,186,"2_KSR",44.027957,-79.541863
"207","2_KSR_C22_4_5",2008,193,"2_KSR",44.027957,-79.541863
"208","2_KSR_T1_4_6",2008,202,"2_KSR",44.027957,-79.541863
"209","2_KSR_E6_4_7",2008,192,"2_KSR",44.027957,-79.541863
"210","2_KSR_E25_4_8",2008,191,"2_KSR",44.027957,-79.541863
"211","2_KSR_A16_4_9",2008,194,"2_KSR",44.027957,-79.541863
"212","2_KSR_E18_4_11",2008,202,"2_KSR",44.027957,-79.541863
"213","2_KSR_S13_4_12",2008,239,"2_KSR",44.027957,-79.541863
"214","2_KSR_A2_4_13",2008,192,"2_KSR",44.027957,-79.541863
"215","2_KSR_J1_4_15",2008,197,"2_KSR",44.027957,-79.541863
"216","2_KSR_S13_4_16",2008,200,"2_KSR",44.027957,-79.541863
"217","2_KSR_E2_4_17",2008,195,"2_KSR",44.027957,-79.541863
"218","2_KSR_S9_4_18",2008,212,"2_KSR",44.027957,-79.541863
"219","2_KSR_E11_4_19",2008,195,"2_KSR",44.027957,-79.541863
"220","2_KSR_T6_4_21",2008,206,"2_KSR",44.027957,-79.541863
"221","2_KSR_T10_4_23",2008,195,"2_KSR",44.027957,-79.541863
"222","2_KSR_C19_4_24",2008,191,"2_KSR",44.027957,-79.541863
"223","2_KSR_E12_4_25",2008,191,"2_KSR",44.027957,-79.541863
"224","2_KSR_J3_5_1",2008,197,"2_KSR",44.027957,-79.541863
"225","2_KSR_T10_5_2",2008,194,"2_KSR",44.027957,-79.541863
"226","2_KSR_E25_5_3",2008,191,"2_KSR",44.027957,-79.541863
"227","2_KSR_S4_5_4",2008,205,"2_KSR",44.027957,-79.541863
"228","2_KSR_J24_5_6",2008,198,"2_KSR",44.027957,-79.541863
"229","2_KSR_S1_5_7",2008,219,"2_KSR",44.027957,-79.541863
"230","2_KSR_E18_5_8",2008,191,"2_KSR",44.027957,-79.541863
"231","2_KSR_S14_5_10",2008,235,"2_KSR",44.027957,-79.541863
"232","2_KSR_C2_5_11",2008,192,"2_KSR",44.027957,-79.541863
"233","2_KSR_E23_5_12",2008,193,"2_KSR",44.027957,-79.541863
"234","2_KSR_E24_5_13",2008,195,"2_KSR",44.027957,-79.541863
"235","2_KSR_C20_5_14",2008,200,"2_KSR",44.027957,-79.541863
"236","2_KSR_E17_5_16",2008,191,"2_KSR",44.027957,-79.541863
"237","2_KSR_T2_5_17",2008,212,"2_KSR",44.027957,-79.541863
"238","2_KSR_T2_5_19",2008,247,"2_KSR",44.027957,-79.541863
"239","2_KSR_S23_5_20",2008,202,"2_KSR",44.027957,-79.541863
"240","2_KSR_S23_5_21",2008,229,"2_KSR",44.027957,-79.541863
"241","2_KSR_E13_5_22",2008,192,"2_KSR",44.027957,-79.541863
"242","2_KSR_J11_5_23",2008,198,"2_KSR",44.027957,-79.541863
"243","2_KSR_E17_5_24",2008,197,"2_KSR",44.027957,-79.541863
"244","2_KSR_C17_5_25",2008,198,"2_KSR",44.027957,-79.541863
"245","2_KSR_C1_6_1",2008,195,"2_KSR",44.027957,-79.541863
"246","2_KSR_J7_6_2",2008,202,"2_KSR",44.027957,-79.541863
"247","2_KSR_C29_6_3",2008,195,"2_KSR",44.027957,-79.541863
"248","2_KSR_A22_6_4",2008,197,"2_KSR",44.027957,-79.541863
"249","2_KSR_J22_6_5",2008,195,"2_KSR",44.027957,-79.541863
"250","2_KSR_E13_6_6",2008,201,"2_KSR",44.027957,-79.541863
"251","2_KSR_S1_6_7",2008,219,"2_KSR",44.027957,-79.541863
"252","2_KSR_T7_6_8",2008,191,"2_KSR",44.027957,-79.541863
"253","2_KSR_J25_6_9",2008,197,"2_KSR",44.027957,-79.541863
"254","2_KSR_C15_6_10",2008,197,"2_KSR",44.027957,-79.541863
"255","2_KSR_T14_6_11",2008,205,"2_KSR",44.027957,-79.541863
"256","2_KSR_A18_6_12",2008,198,"2_KSR",44.027957,-79.541863
"257","2_KSR_E30_6_13",2008,195,"2_KSR",44.027957,-79.541863
"258","2_KSR_E2_6_14",2008,197,"2_KSR",44.027957,-79.541863
"259","2_KSR_E11_6_15",2008,192,"2_KSR",44.027957,-79.541863
"260","2_KSR_S14_6_16",2008,229,"2_KSR",44.027957,-79.541863
"261","2_KSR_A12_6_17",2008,195,"2_KSR",44.027957,-79.541863
"262","2_KSR_A16_6_18",2008,191,"2_KSR",44.027957,-79.541863
"263","2_KSR_J9_6_19",2008,200,"2_KSR",44.027957,-79.541863
"264","2_KSR_J28_6_20",2008,197,"2_KSR",44.027957,-79.541863
"265","2_KSR_J18_6_22",2008,213,"2_KSR",44.027957,-79.541863
"266","2_KSR_S15_6_23",2008,207,"2_KSR",44.027957,-79.541863
"267","2_KSR_S2_6_24",2008,220,"2_KSR",44.027957,-79.541863
"268","2_KSR_J10_6_25",2008,216,"2_KSR",44.027957,-79.541863
"269","3_Timmins_C18_1_1",2008,216,"3_Timmins",48.468117,-81.351663
"270","3_Timmins_T2_1_5",2008,248,"3_Timmins",48.468117,-81.351663
"271","3_Timmins_E23_1_6",2008,212,"3_Timmins",48.468117,-81.351663
"272","3_Timmins_T1_1_8",2008,245,"3_Timmins",48.468117,-81.351663
"273","3_Timmins_C18_1_9",2008,219,"3_Timmins",48.468117,-81.351663
"274","3_Timmins_J9_1_10",2008,240,"3_Timmins",48.468117,-81.351663
"275","3_Timmins_S6_1_12",2008,248,"3_Timmins",48.468117,-81.351663
"276","3_Timmins_C1_1_13",2008,212,"3_Timmins",48.468117,-81.351663
"277","3_Timmins_C14_1_15",2008,207,"3_Timmins",48.468117,-81.351663
"278","3_Timmins_T15_1_16",2008,250,"3_Timmins",48.468117,-81.351663
"279","3_Timmins_S19_1_17",2008,233,"3_Timmins",48.468117,-81.351663
"280","3_Timmins_T14_1_18",2008,237,"3_Timmins",48.468117,-81.351663
"281","3_Timmins_E6_1_20",2008,212,"3_Timmins",48.468117,-81.351663
"282","3_Timmins_J10_1_21",2008,221,"3_Timmins",48.468117,-81.351663
"283","3_Timmins_A16_1_22",2008,207,"3_Timmins",48.468117,-81.351663
"284","3_Timmins_E23_1_23",2008,216,"3_Timmins",48.468117,-81.351663
"285","3_Timmins_C27_2_3",2008,233,"3_Timmins",48.468117,-81.351663
"286","3_Timmins_S10_2_4",2008,250,"3_Timmins",48.468117,-81.351663
"287","3_Timmins_A18_2_7",2008,207,"3_Timmins",48.468117,-81.351663
"288","3_Timmins_E6_2_9",2008,209,"3_Timmins",48.468117,-81.351663
"289","3_Timmins_S4_2_10",2008,264,"3_Timmins",48.468117,-81.351663
"290","3_Timmins_E11_2_11",2008,212,"3_Timmins",48.468117,-81.351663
"291","3_Timmins_S9_2_12",2008,246,"3_Timmins",48.468117,-81.351663
"292","3_Timmins_C20_2_13",2008,207,"3_Timmins",48.468117,-81.351663
"293","3_Timmins_J26_2_14",2008,248,"3_Timmins",48.468117,-81.351663
"294","3_Timmins_S13_2_15",2008,248,"3_Timmins",48.468117,-81.351663
"295","3_Timmins_C19_2_16",2008,214,"3_Timmins",48.468117,-81.351663
"296","3_Timmins_T11_2_17",2008,216,"3_Timmins",48.468117,-81.351663
"297","3_Timmins_E18_2_18",2008,207,"3_Timmins",48.468117,-81.351663
"298","3_Timmins_J26_2_19",2008,205,"3_Timmins",48.468117,-81.351663
"299","3_Timmins_T24_2_20",2008,223,"3_Timmins",48.468117,-81.351663
"300","3_Timmins_A6_2_21",2008,230,"3_Timmins",48.468117,-81.351663
"301","3_Timmins_C14_2_25",2008,209,"3_Timmins",48.468117,-81.351663
"302","3_Timmins_J21_3_1",2008,253,"3_Timmins",48.468117,-81.351663
"303","3_Timmins_A12_3_2",2008,216,"3_Timmins",48.468117,-81.351663
"304","3_Timmins_E13_3_3",2008,209,"3_Timmins",48.468117,-81.351663
"305","3_Timmins_A22_3_4",2008,228,"3_Timmins",48.468117,-81.351663
"306","3_Timmins_A2_3_5",2008,223,"3_Timmins",48.468117,-81.351663
"307","3_Timmins_A13_3_6",2008,207,"3_Timmins",48.468117,-81.351663
"308","3_Timmins_T6_3_7",2008,233,"3_Timmins",48.468117,-81.351663
"309","3_Timmins_J24_3_9",2008,223,"3_Timmins",48.468117,-81.351663
"310","3_Timmins_T15_3_10",2008,219,"3_Timmins",48.468117,-81.351663
"311","3_Timmins_C28_3_11",2008,228,"3_Timmins",48.468117,-81.351663
"312","3_Timmins_S20_3_13",2008,216,"3_Timmins",48.468117,-81.351663
"313","3_Timmins_C22_3_14",2008,202,"3_Timmins",48.468117,-81.351663
"314","3_Timmins_S12_3_15",2008,250,"3_Timmins",48.468117,-81.351663
"315","3_Timmins_T6_3_16",2008,219,"3_Timmins",48.468117,-81.351663
"316","3_Timmins_E15_3_17",2008,214,"3_Timmins",48.468117,-81.351663
"317","3_Timmins_S6_3_18",2008,221,"3_Timmins",48.468117,-81.351663
"318","3_Timmins_J21_3_19",2008,233,"3_Timmins",48.468117,-81.351663
"319","3_Timmins_J11_3_20",2008,214,"3_Timmins",48.468117,-81.351663
"320","3_Timmins_E16_3_21",2008,223,"3_Timmins",48.468117,-81.351663
"321","3_Timmins_C11_3_22",2008,209,"3_Timmins",48.468117,-81.351663
"322","3_Timmins_E17_4_1",2008,212,"3_Timmins",48.468117,-81.351663
"323","3_Timmins_C20_4_2",2008,212,"3_Timmins",48.468117,-81.351663
"324","3_Timmins_J24_4_3",2008,250,"3_Timmins",48.468117,-81.351663
"325","3_Timmins_C2_4_4",2008,212,"3_Timmins",48.468117,-81.351663
"326","3_Timmins_E18_4_5",2008,223,"3_Timmins",48.468117,-81.351663
"327","3_Timmins_C13_4_6",2008,205,"3_Timmins",48.468117,-81.351663
"328","3_Timmins_C17_4_8",2008,226,"3_Timmins",48.468117,-81.351663
"329","3_Timmins_A7_4_9",2008,214,"3_Timmins",48.468117,-81.351663
"330","3_Timmins_C1_4_11",2008,214,"3_Timmins",48.468117,-81.351663
"331","3_Timmins_C2_4_12",2008,219,"3_Timmins",48.468117,-81.351663
"332","3_Timmins_J18_4_13",2008,228,"3_Timmins",48.468117,-81.351663
"333","3_Timmins_E30_4_14",2008,209,"3_Timmins",48.468117,-81.351663
"334","3_Timmins_J17_4_15",2008,233,"3_Timmins",48.468117,-81.351663
"335","3_Timmins_E3_4_16",2008,202,"3_Timmins",48.468117,-81.351663
"336","3_Timmins_J1_4_17",2008,235,"3_Timmins",48.468117,-81.351663
"337","3_Timmins_E2_4_18",2008,219,"3_Timmins",48.468117,-81.351663
"338","3_Timmins_S15_4_19",2008,235,"3_Timmins",48.468117,-81.351663
"339","3_Timmins_J25_4_20",2008,230,"3_Timmins",48.468117,-81.351663
"340","3_Timmins_S13_4_21",2008,240,"3_Timmins",48.468117,-81.351663
"341","3_Timmins_J9_4_22",2008,226,"3_Timmins",48.468117,-81.351663
"342","3_Timmins_T10_5_1",2008,250,"3_Timmins",48.468117,-81.351663
"343","3_Timmins_C15_5_4",2008,226,"3_Timmins",48.468117,-81.351663
"344","3_Timmins_E25_5_10",2008,216,"3_Timmins",48.468117,-81.351663
"345","3_Timmins_J7_5_11",2008,245,"3_Timmins",48.468117,-81.351663
"346","3_Timmins_C29_5_12",2008,212,"3_Timmins",48.468117,-81.351663
"347","3_Timmins_E24_5_13",2008,219,"3_Timmins",48.468117,-81.351663
"348","3_Timmins_A16_5_14",2008,207,"3_Timmins",48.468117,-81.351663
"349","3_Timmins_C22_5_17",2008,205,"3_Timmins",48.468117,-81.351663
"350","3_Timmins_C15_5_18",2008,207,"3_Timmins",48.468117,-81.351663
"351","3_Timmins_J25_5_19",2008,230,"3_Timmins",48.468117,-81.351663
"352","3_Timmins_A22_5_20",2008,207,"3_Timmins",48.468117,-81.351663
"353","3_Timmins_C30_5_21",2008,205,"3_Timmins",48.468117,-81.351663
"354","3_Timmins_J7_5_23",2008,219,"3_Timmins",48.468117,-81.351663
"355","3_Timmins_C13_5_24",2008,214,"3_Timmins",48.468117,-81.351663
"356","3_Timmins_A7_6_3",2008,228,"3_Timmins",48.468117,-81.351663
"357","3_Timmins_S23_6_5",2008,262,"3_Timmins",48.468117,-81.351663
"358","3_Timmins_E12_6_8",2008,212,"3_Timmins",48.468117,-81.351663
"359","3_Timmins_J25_6_9",2008,233,"3_Timmins",48.468117,-81.351663
"360","3_Timmins_J28_6_11",2008,216,"3_Timmins",48.468117,-81.351663
"361","3_Timmins_E4_6_13",2008,207,"3_Timmins",48.468117,-81.351663
"362","3_Timmins_E12_6_14",2008,212,"3_Timmins",48.468117,-81.351663
"363","3_Timmins_C28_6_15",2008,216,"3_Timmins",48.468117,-81.351663
"364","3_Timmins_C27_6_16",2008,228,"3_Timmins",48.468117,-81.351663
"365","3_Timmins_E2_6_17",2008,245,"3_Timmins",48.468117,-81.351663
"366","3_Timmins_C30_6_20",2008,219,"3_Timmins",48.468117,-81.351663
"367","3_Timmins_A18_6_21",2008,212,"3_Timmins",48.468117,-81.351663
"368","1_BEF_C13_1_1",2009,169,"1_BEF",39.059479,-78.059835
"369","1_BEF_C11_1_2",2009,182,"1_BEF",39.059479,-78.059835
"370","1_BEF_C20_1_4",2009,189,"1_BEF",39.059479,-78.059835
"371","1_BEF_T3_1_5",2009,175,"1_BEF",39.059479,-78.059835
"372","1_BEF_C18_1_6",2009,184,"1_BEF",39.059479,-78.059835
"373","1_BEF_C22_1_7",2009,179,"1_BEF",39.059479,-78.059835
"374","1_BEF_E27_1_8",2009,182,"1_BEF",39.059479,-78.059835
"375","1_BEF_C1_1_9",2009,185,"1_BEF",39.059479,-78.059835
"376","1_BEF_J1_1_10",2009,186,"1_BEF",39.059479,-78.059835
"377","1_BEF_C20_1_11",2009,203,"1_BEF",39.059479,-78.059835
"378","1_BEF_E6_1_12",2009,189,"1_BEF",39.059479,-78.059835
"379","1_BEF_S12_1_13",2009,182,"1_BEF",39.059479,-78.059835
"380","1_BEF_E3_1_14",2009,182,"1_BEF",39.059479,-78.059835
"381","1_BEF_J26_1_15",2009,186,"1_BEF",39.059479,-78.059835
"382","1_BEF_S10_1_16",2009,191,"1_BEF",39.059479,-78.059835
"383","1_BEF_A18_1_17",2009,182,"1_BEF",39.059479,-78.059835
"384","1_BEF_E13_1_18",2009,178,"1_BEF",39.059479,-78.059835
"385","1_BEF_T11_1_19",2009,186,"1_BEF",39.059479,-78.059835
"386","1_BEF_J21_1_20",2009,185,"1_BEF",39.059479,-78.059835
"387","1_BEF_S6_1_21",2009,185,"1_BEF",39.059479,-78.059835
"388","1_BEF_S19_2_1",2009,175,"1_BEF",39.059479,-78.059835
"389","1_BEF_J11_2_2",2009,171,"1_BEF",39.059479,-78.059835
"390","1_BEF_S15_2_3",2009,189,"1_BEF",39.059479,-78.059835
"391","1_BEF_S9_2_4",2009,177,"1_BEF",39.059479,-78.059835
"392","1_BEF_C19_2_5",2009,182,"1_BEF",39.059479,-78.059835
"393","1_BEF_C19_2_8",2009,192,"1_BEF",39.059479,-78.059835
"394","1_BEF_S23_2_11",2009,196,"1_BEF",39.059479,-78.059835
"395","1_BEF_J7_2_12",2009,193,"1_BEF",39.059479,-78.059835
"396","1_BEF_T1_2_13",2009,185,"1_BEF",39.059479,-78.059835
"397","1_BEF_E11_2_15",2009,179,"1_BEF",39.059479,-78.059835
"398","1_BEF_E15_2_16",2009,182,"1_BEF",39.059479,-78.059835
"399","1_BEF_J1_2_18",2009,197,"1_BEF",39.059479,-78.059835
"400","1_BEF_C30_2_20",2009,178,"1_BEF",39.059479,-78.059835
"401","1_BEF_C28_2_21",2009,176,"1_BEF",39.059479,-78.059835
"402","1_BEF_S19_2_22",2009,199,"1_BEF",39.059479,-78.059835
"403","1_BEF_A20_2_23",2009,176,"1_BEF",39.059479,-78.059835
"404","1_BEF_C18_3_4",2009,182,"1_BEF",39.059479,-78.059835
"405","1_BEF_C1_3_5",2009,203,"1_BEF",39.059479,-78.059835
"406","1_BEF_J18_3_6",2009,196,"1_BEF",39.059479,-78.059835
"407","1_BEF_J25_3_7",2009,172,"1_BEF",39.059479,-78.059835
"408","1_BEF_E2_3_8",2009,191,"1_BEF",39.059479,-78.059835
"409","1_BEF_T6_3_9",2009,186,"1_BEF",39.059479,-78.059835
"410","1_BEF_C13_3_11",2009,182,"1_BEF",39.059479,-78.059835
"411","1_BEF_S1_3_14",2009,189,"1_BEF",39.059479,-78.059835
"412","1_BEF_J22_3_15",2009,178,"1_BEF",39.059479,-78.059835
"413","1_BEF_J15_3_16",2009,184,"1_BEF",39.059479,-78.059835
"414","1_BEF_J9_3_17",2009,189,"1_BEF",39.059479,-78.059835
"415","1_BEF_C30_3_18",2009,197,"1_BEF",39.059479,-78.059835
"416","1_BEF_S2_3_19",2009,206,"1_BEF",39.059479,-78.059835
"417","1_BEF_C15_3_21",2009,186,"1_BEF",39.059479,-78.059835
"418","1_BEF_J17_3_22",2009,182,"1_BEF",39.059479,-78.059835
"419","1_BEF_C17_4_2",2009,187,"1_BEF",39.059479,-78.059835
"420","1_BEF_S4_4_4",2009,186,"1_BEF",39.059479,-78.059835
"421","1_BEF_S23_4_5",2009,193,"1_BEF",39.059479,-78.059835
"422","1_BEF_C2_4_7",2009,179,"1_BEF",39.059479,-78.059835
"423","1_BEF_J7_4_10",2009,193,"1_BEF",39.059479,-78.059835
"424","1_BEF_J3_4_13",2009,186,"1_BEF",39.059479,-78.059835
"425","1_BEF_C2_4_14",2009,203,"1_BEF",39.059479,-78.059835
"426","1_BEF_T14_4_15",2009,193,"1_BEF",39.059479,-78.059835
"427","1_BEF_J28_4_17",2009,182,"1_BEF",39.059479,-78.059835
"428","1_BEF_E23_4_21",2009,182,"1_BEF",39.059479,-78.059835
"429","1_BEF_S10_4_23",2009,183,"1_BEF",39.059479,-78.059835
"430","1_BEF_T11_5_1",2009,185,"1_BEF",39.059479,-78.059835
"431","1_BEF_J10_5_2",2009,193,"1_BEF",39.059479,-78.059835
"432","1_BEF_S1_5_3",2009,192,"1_BEF",39.059479,-78.059835
"433","1_BEF_S12_5_4",2009,189,"1_BEF",39.059479,-78.059835
"434","1_BEF_J22_5_5",2009,183,"1_BEF",39.059479,-78.059835
"435","1_BEF_J26_5_6",2009,178,"1_BEF",39.059479,-78.059835
"436","1_BEF_C14_5_7",2009,182,"1_BEF",39.059479,-78.059835
"437","1_BEF_E18_5_8",2009,169,"1_BEF",39.059479,-78.059835
"438","1_BEF_A6_5_9",2009,182,"1_BEF",39.059479,-78.059835
"439","1_BEF_S22_5_10",2009,192,"1_BEF",39.059479,-78.059835
"440","1_BEF_S13_5_11",2009,211,"1_BEF",39.059479,-78.059835
"441","1_BEF_J11_5_12",2009,182,"1_BEF",39.059479,-78.059835
"442","1_BEF_E13_5_13",2009,182,"1_BEF",39.059479,-78.059835
"443","1_BEF_E16_5_14",2009,175,"1_BEF",39.059479,-78.059835
"444","1_BEF_S6_5_16",2009,189,"1_BEF",39.059479,-78.059835
"445","1_BEF_S20_5_17",2009,191,"1_BEF",39.059479,-78.059835
"446","1_BEF_J15_5_18",2009,186,"1_BEF",39.059479,-78.059835
"447","1_BEF_A22_5_19",2009,177,"1_BEF",39.059479,-78.059835
"448","1_BEF_S20_5_20",2009,189,"1_BEF",39.059479,-78.059835
"449","1_BEF_J17_5_21",2009,178,"1_BEF",39.059479,-78.059835
"450","1_BEF_S9_5_22",2009,206,"1_BEF",39.059479,-78.059835
"451","1_BEF_J10_6_1",2009,182,"1_BEF",39.059479,-78.059835
"452","1_BEF_A22_6_2",2009,179,"1_BEF",39.059479,-78.059835
"453","1_BEF_T1_6_3",2009,189,"1_BEF",39.059479,-78.059835
"454","1_BEF_J21_6_4",2009,199,"1_BEF",39.059479,-78.059835
"455","1_BEF_J18_6_5",2009,189,"1_BEF",39.059479,-78.059835
"456","1_BEF_C29_6_7",2009,184,"1_BEF",39.059479,-78.059835
"457","1_BEF_A20_6_8",2009,178,"1_BEF",39.059479,-78.059835
"458","1_BEF_T10_6_9",2009,182,"1_BEF",39.059479,-78.059835
"459","1_BEF_E25_6_10",2009,190,"1_BEF",39.059479,-78.059835
"460","1_BEF_E18_6_11",2009,183,"1_BEF",39.059479,-78.059835
"461","1_BEF_J25_6_12",2009,185,"1_BEF",39.059479,-78.059835
"462","1_BEF_S4_6_13",2009,182,"1_BEF",39.059479,-78.059835
"463","1_BEF_A2_6_14",2009,172,"1_BEF",39.059479,-78.059835
"464","1_BEF_T2_6_15",2009,196,"1_BEF",39.059479,-78.059835
"465","1_BEF_T2_6_16",2009,199,"1_BEF",39.059479,-78.059835
"466","1_BEF_C28_6_18",2009,184,"1_BEF",39.059479,-78.059835
"467","1_BEF_J3_6_19",2009,192,"1_BEF",39.059479,-78.059835
"468","1_BEF_J9_6_20",2009,179,"1_BEF",39.059479,-78.059835
"469","1_BEF_C29_6_21",2009,171,"1_BEF",39.059479,-78.059835
"470","1_BEF_A16_6_22",2009,182,"1_BEF",39.059479,-78.059835
"471","2_KSR_T9_1_1",2009,226,"2_KSR",44.027957,-79.541863
"472","2_KSR_C14_1_2",2009,211,"2_KSR",44.027957,-79.541863
"473","2_KSR_J15_1_3",2009,229,"2_KSR",44.027957,-79.541863
"474","2_KSR_T3_1_5",2009,229,"2_KSR",44.027957,-79.541863
"475","2_KSR_S9_1_6",2009,240,"2_KSR",44.027957,-79.541863
"476","2_KSR_J22_1_7",2009,228,"2_KSR",44.027957,-79.541863
"477","2_KSR_A22_1_8",2009,212,"2_KSR",44.027957,-79.541863
"478","2_KSR_J26_1_9",2009,216,"2_KSR",44.027957,-79.541863
"479","2_KSR_C27_1_11",2009,215,"2_KSR",44.027957,-79.541863
"480","2_KSR_S22_1_12",2009,243,"2_KSR",44.027957,-79.541863
"481","2_KSR_S10_1_14",2009,224,"2_KSR",44.027957,-79.541863
"482","2_KSR_C30_1_15",2009,201,"2_KSR",44.027957,-79.541863
"483","2_KSR_T3_1_16",2009,218,"2_KSR",44.027957,-79.541863
"484","2_KSR_C17_1_17",2009,195,"2_KSR",44.027957,-79.541863
"485","2_KSR_E3_1_18",2009,199,"2_KSR",44.027957,-79.541863
"486","2_KSR_C19_1_19",2009,207,"2_KSR",44.027957,-79.541863
"487","2_KSR_T1_1_20",2009,216,"2_KSR",44.027957,-79.541863
"488","2_KSR_E16_1_21",2009,193,"2_KSR",44.027957,-79.541863
"489","2_KSR_S10_1_22",2009,229,"2_KSR",44.027957,-79.541863
"490","2_KSR_E16_1_23",2009,202,"2_KSR",44.027957,-79.541863
"491","2_KSR_S20_1_24",2009,232,"2_KSR",44.027957,-79.541863
"492","2_KSR_E12_1_25",2009,214,"2_KSR",44.027957,-79.541863
"493","2_KSR_J15_2_1",2009,208,"2_KSR",44.027957,-79.541863
"494","2_KSR_E6_2_2",2009,190,"2_KSR",44.027957,-79.541863
"495","2_KSR_A7_2_4",2009,206,"2_KSR",44.027957,-79.541863
"496","2_KSR_J1_2_5",2009,226,"2_KSR",44.027957,-79.541863
"497","2_KSR_C11_2_6",2009,216,"2_KSR",44.027957,-79.541863
"498","2_KSR_J9_2_7",2009,224,"2_KSR",44.027957,-79.541863
"499","2_KSR_C30_2_8",2009,215,"2_KSR",44.027957,-79.541863
"500","2_KSR_A18_2_9",2009,220,"2_KSR",44.027957,-79.541863
"501","2_KSR_E15_2_10",2009,207,"2_KSR",44.027957,-79.541863
"502","2_KSR_E30_2_11",2009,216,"2_KSR",44.027957,-79.541863
"503","2_KSR_S2_2_12",2009,225,"2_KSR",44.027957,-79.541863
"504","2_KSR_C11_2_13",2009,207,"2_KSR",44.027957,-79.541863
"505","2_KSR_J21_2_14",2009,217,"2_KSR",44.027957,-79.541863
"506","2_KSR_J10_2_15",2009,217,"2_KSR",44.027957,-79.541863
"507","2_KSR_E4_2_16",2009,199,"2_KSR",44.027957,-79.541863
"508","2_KSR_E23_2_17",2009,195,"2_KSR",44.027957,-79.541863
"509","2_KSR_E15_2_18",2009,209,"2_KSR",44.027957,-79.541863
"510","2_KSR_C1_2_19",2009,208,"2_KSR",44.027957,-79.541863
"511","2_KSR_C28_2_20",2009,191,"2_KSR",44.027957,-79.541863
"512","2_KSR_S6_2_21",2009,225,"2_KSR",44.027957,-79.541863
"513","2_KSR_J28_2_22",2009,215,"2_KSR",44.027957,-79.541863
"514","2_KSR_A7_2_23",2009,205,"2_KSR",44.027957,-79.541863
"515","2_KSR_S19_2_24",2009,226,"2_KSR",44.027957,-79.541863
"516","2_KSR_C18_2_25",2009,202,"2_KSR",44.027957,-79.541863
"517","2_KSR_T6_3_1",2009,212,"2_KSR",44.027957,-79.541863
"518","2_KSR_J25_3_2",2009,201,"2_KSR",44.027957,-79.541863
"519","2_KSR_J17_3_3",2009,225,"2_KSR",44.027957,-79.541863
"520","2_KSR_A20_3_4",2009,206,"2_KSR",44.027957,-79.541863
"521","2_KSR_C18_3_5",2009,212,"2_KSR",44.027957,-79.541863
"522","2_KSR_T15_3_6",2009,232,"2_KSR",44.027957,-79.541863
"523","2_KSR_S6_3_7",2009,228,"2_KSR",44.027957,-79.541863
"524","2_KSR_J26_3_9",2009,230,"2_KSR",44.027957,-79.541863
"525","2_KSR_C13_3_10",2009,217,"2_KSR",44.027957,-79.541863
"526","2_KSR_C22_3_11",2009,214,"2_KSR",44.027957,-79.541863
"527","2_KSR_A6_3_12",2009,206,"2_KSR",44.027957,-79.541863
"528","2_KSR_A2_3_13",2009,206,"2_KSR",44.027957,-79.541863
"529","2_KSR_C27_3_14",2009,217,"2_KSR",44.027957,-79.541863
"530","2_KSR_C20_3_16",2009,205,"2_KSR",44.027957,-79.541863
"531","2_KSR_C28_3_17",2009,217,"2_KSR",44.027957,-79.541863
"532","2_KSR_C29_3_18",2009,207,"2_KSR",44.027957,-79.541863
"533","2_KSR_C15_3_19",2009,210,"2_KSR",44.027957,-79.541863
"534","2_KSR_J11_3_20",2009,206,"2_KSR",44.027957,-79.541863
"535","2_KSR_S17_3_21",2009,227,"2_KSR",44.027957,-79.541863
"536","2_KSR_J24_3_22",2009,221,"2_KSR",44.027957,-79.541863
"537","2_KSR_C2_3_23",2009,210,"2_KSR",44.027957,-79.541863
"538","2_KSR_J7_3_24",2009,207,"2_KSR",44.027957,-79.541863
"539","2_KSR_S15_3_25",2009,236,"2_KSR",44.027957,-79.541863
"540","2_KSR_J21_4_2",2009,218,"2_KSR",44.027957,-79.541863
"541","2_KSR_A6_4_3",2009,204,"2_KSR",44.027957,-79.541863
"542","2_KSR_E3_4_4",2009,188,"2_KSR",44.027957,-79.541863
"543","2_KSR_C22_4_5",2009,210,"2_KSR",44.027957,-79.541863
"544","2_KSR_T1_4_6",2009,218,"2_KSR",44.027957,-79.541863
"545","2_KSR_E6_4_7",2009,205,"2_KSR",44.027957,-79.541863
"546","2_KSR_E25_4_8",2009,208,"2_KSR",44.027957,-79.541863
"547","2_KSR_A16_4_9",2009,201,"2_KSR",44.027957,-79.541863
"548","2_KSR_E18_4_11",2009,199,"2_KSR",44.027957,-79.541863
"549","2_KSR_S13_4_12",2009,239,"2_KSR",44.027957,-79.541863
"550","2_KSR_A2_4_13",2009,197,"2_KSR",44.027957,-79.541863
"551","2_KSR_J1_4_15",2009,213,"2_KSR",44.027957,-79.541863
"552","2_KSR_S13_4_16",2009,220,"2_KSR",44.027957,-79.541863
"553","2_KSR_E2_4_17",2009,206,"2_KSR",44.027957,-79.541863
"554","2_KSR_S9_4_18",2009,217,"2_KSR",44.027957,-79.541863
"555","2_KSR_E11_4_19",2009,199,"2_KSR",44.027957,-79.541863
"556","2_KSR_T6_4_21",2009,213,"2_KSR",44.027957,-79.541863
"557","2_KSR_S19_4_22",2009,231,"2_KSR",44.027957,-79.541863
"558","2_KSR_T10_4_23",2009,195,"2_KSR",44.027957,-79.541863
"559","2_KSR_C19_4_24",2009,191,"2_KSR",44.027957,-79.541863
"560","2_KSR_E12_4_25",2009,188,"2_KSR",44.027957,-79.541863
"561","2_KSR_J3_5_1",2009,204,"2_KSR",44.027957,-79.541863
"562","2_KSR_T10_5_2",2009,212,"2_KSR",44.027957,-79.541863
"563","2_KSR_E25_5_3",2009,195,"2_KSR",44.027957,-79.541863
"564","2_KSR_S4_5_4",2009,232,"2_KSR",44.027957,-79.541863
"565","2_KSR_T15_5_5",2009,218,"2_KSR",44.027957,-79.541863
"566","2_KSR_J24_5_6",2009,191,"2_KSR",44.027957,-79.541863
"567","2_KSR_S1_5_7",2009,232,"2_KSR",44.027957,-79.541863
"568","2_KSR_E18_5_8",2009,206,"2_KSR",44.027957,-79.541863
"569","2_KSR_S14_5_10",2009,241,"2_KSR",44.027957,-79.541863
"570","2_KSR_C2_5_11",2009,202,"2_KSR",44.027957,-79.541863
"571","2_KSR_E23_5_12",2009,207,"2_KSR",44.027957,-79.541863
"572","2_KSR_E24_5_13",2009,219,"2_KSR",44.027957,-79.541863
"573","2_KSR_C20_5_14",2009,210,"2_KSR",44.027957,-79.541863
"574","2_KSR_E17_5_16",2009,189,"2_KSR",44.027957,-79.541863
"575","2_KSR_T2_5_17",2009,218,"2_KSR",44.027957,-79.541863
"576","2_KSR_T2_5_19",2009,219,"2_KSR",44.027957,-79.541863
"577","2_KSR_S23_5_20",2009,218,"2_KSR",44.027957,-79.541863
"578","2_KSR_S23_5_21",2009,226,"2_KSR",44.027957,-79.541863
"579","2_KSR_E13_5_22",2009,209,"2_KSR",44.027957,-79.541863
"580","2_KSR_J11_5_23",2009,215,"2_KSR",44.027957,-79.541863
"581","2_KSR_E17_5_24",2009,198,"2_KSR",44.027957,-79.541863
"582","2_KSR_C17_5_25",2009,210,"2_KSR",44.027957,-79.541863
"583","2_KSR_C1_6_1",2009,202,"2_KSR",44.027957,-79.541863
"584","2_KSR_J7_6_2",2009,213,"2_KSR",44.027957,-79.541863
"585","2_KSR_C29_6_3",2009,218,"2_KSR",44.027957,-79.541863
"586","2_KSR_A22_6_4",2009,218,"2_KSR",44.027957,-79.541863
"587","2_KSR_E13_6_6",2009,196,"2_KSR",44.027957,-79.541863
"588","2_KSR_T7_6_8",2009,202,"2_KSR",44.027957,-79.541863
"589","2_KSR_J25_6_9",2009,205,"2_KSR",44.027957,-79.541863
"590","2_KSR_C15_6_10",2009,199,"2_KSR",44.027957,-79.541863
"591","2_KSR_T14_6_11",2009,229,"2_KSR",44.027957,-79.541863
"592","2_KSR_A18_6_12",2009,216,"2_KSR",44.027957,-79.541863
"593","2_KSR_E30_6_13",2009,193,"2_KSR",44.027957,-79.541863
"594","2_KSR_E2_6_14",2009,201,"2_KSR",44.027957,-79.541863
"595","2_KSR_E11_6_15",2009,202,"2_KSR",44.027957,-79.541863
"596","2_KSR_S14_6_16",2009,235,"2_KSR",44.027957,-79.541863
"597","2_KSR_A12_6_17",2009,188,"2_KSR",44.027957,-79.541863
"598","2_KSR_A16_6_18",2009,196,"2_KSR",44.027957,-79.541863
"599","2_KSR_J9_6_19",2009,202,"2_KSR",44.027957,-79.541863
"600","2_KSR_J28_6_20",2009,202,"2_KSR",44.027957,-79.541863
"601","2_KSR_S20_6_21",2009,238,"2_KSR",44.027957,-79.541863
"602","2_KSR_J18_6_22",2009,215,"2_KSR",44.027957,-79.541863
"603","2_KSR_S15_6_23",2009,225,"2_KSR",44.027957,-79.541863
"604","2_KSR_S2_6_24",2009,224,"2_KSR",44.027957,-79.541863
"605","2_KSR_J10_6_25",2009,224,"2_KSR",44.027957,-79.541863
"606","3_Timmins_C18_1_1",2009,224,"3_Timmins",48.468117,-81.351663
"607","3_Timmins_E3_1_2",2009,224,"3_Timmins",48.468117,-81.351663
"608","3_Timmins_T2_1_5",2009,259,"3_Timmins",48.468117,-81.351663
"609","3_Timmins_E23_1_6",2009,224,"3_Timmins",48.468117,-81.351663
"610","3_Timmins_T1_1_8",2009,233,"3_Timmins",48.468117,-81.351663
"611","3_Timmins_C18_1_9",2009,224,"3_Timmins",48.468117,-81.351663
"612","3_Timmins_J9_1_10",2009,231,"3_Timmins",48.468117,-81.351663
"613","3_Timmins_S6_1_12",2009,238,"3_Timmins",48.468117,-81.351663
"614","3_Timmins_C1_1_13",2009,224,"3_Timmins",48.468117,-81.351663
"615","3_Timmins_C14_1_15",2009,212,"3_Timmins",48.468117,-81.351663
"616","3_Timmins_T15_1_16",2009,261,"3_Timmins",48.468117,-81.351663
"617","3_Timmins_S19_1_17",2009,231,"3_Timmins",48.468117,-81.351663
"618","3_Timmins_T14_1_18",2009,231,"3_Timmins",48.468117,-81.351663
"619","3_Timmins_E6_1_20",2009,214,"3_Timmins",48.468117,-81.351663
"620","3_Timmins_J10_1_21",2009,231,"3_Timmins",48.468117,-81.351663
"621","3_Timmins_A16_1_22",2009,224,"3_Timmins",48.468117,-81.351663
"622","3_Timmins_E23_1_23",2009,224,"3_Timmins",48.468117,-81.351663
"623","3_Timmins_J15_2_2",2009,253,"3_Timmins",48.468117,-81.351663
"624","3_Timmins_C27_2_3",2009,225,"3_Timmins",48.468117,-81.351663
"625","3_Timmins_A18_2_7",2009,210,"3_Timmins",48.468117,-81.351663
"626","3_Timmins_E6_2_9",2009,213,"3_Timmins",48.468117,-81.351663
"627","3_Timmins_E11_2_11",2009,212,"3_Timmins",48.468117,-81.351663
"628","3_Timmins_S9_2_12",2009,224,"3_Timmins",48.468117,-81.351663
"629","3_Timmins_C20_2_13",2009,224,"3_Timmins",48.468117,-81.351663
"630","3_Timmins_J26_2_14",2009,247,"3_Timmins",48.468117,-81.351663
"631","3_Timmins_S13_2_15",2009,224,"3_Timmins",48.468117,-81.351663
"632","3_Timmins_C19_2_16",2009,224,"3_Timmins",48.468117,-81.351663
"633","3_Timmins_T11_2_17",2009,228,"3_Timmins",48.468117,-81.351663
"634","3_Timmins_E18_2_18",2009,213,"3_Timmins",48.468117,-81.351663
"635","3_Timmins_J26_2_19",2009,211,"3_Timmins",48.468117,-81.351663
"636","3_Timmins_T24_2_20",2009,231,"3_Timmins",48.468117,-81.351663
"637","3_Timmins_A6_2_21",2009,234,"3_Timmins",48.468117,-81.351663
"638","3_Timmins_C14_2_25",2009,224,"3_Timmins",48.468117,-81.351663
"639","3_Timmins_J21_3_1",2009,231,"3_Timmins",48.468117,-81.351663
"640","3_Timmins_A12_3_2",2009,210,"3_Timmins",48.468117,-81.351663
"641","3_Timmins_E13_3_3",2009,212,"3_Timmins",48.468117,-81.351663
"642","3_Timmins_A22_3_4",2009,212,"3_Timmins",48.468117,-81.351663
"643","3_Timmins_A2_3_5",2009,213,"3_Timmins",48.468117,-81.351663
"644","3_Timmins_A13_3_6",2009,212,"3_Timmins",48.468117,-81.351663
"645","3_Timmins_T6_3_7",2009,231,"3_Timmins",48.468117,-81.351663
"646","3_Timmins_J24_3_9",2009,224,"3_Timmins",48.468117,-81.351663
"647","3_Timmins_T15_3_10",2009,210,"3_Timmins",48.468117,-81.351663
"648","3_Timmins_C28_3_11",2009,224,"3_Timmins",48.468117,-81.351663
"649","3_Timmins_C29_3_12",2009,224,"3_Timmins",48.468117,-81.351663
"650","3_Timmins_C22_3_14",2009,210,"3_Timmins",48.468117,-81.351663
"651","3_Timmins_T6_3_16",2009,224,"3_Timmins",48.468117,-81.351663
"652","3_Timmins_E15_3_17",2009,224,"3_Timmins",48.468117,-81.351663
"653","3_Timmins_S6_3_18",2009,228,"3_Timmins",48.468117,-81.351663
"654","3_Timmins_J21_3_19",2009,231,"3_Timmins",48.468117,-81.351663
"655","3_Timmins_J11_3_20",2009,227,"3_Timmins",48.468117,-81.351663
"656","3_Timmins_E16_3_21",2009,224,"3_Timmins",48.468117,-81.351663
"657","3_Timmins_C11_3_22",2009,242,"3_Timmins",48.468117,-81.351663
"658","3_Timmins_E17_4_1",2009,224,"3_Timmins",48.468117,-81.351663
"659","3_Timmins_C20_4_2",2009,224,"3_Timmins",48.468117,-81.351663
"660","3_Timmins_J24_4_3",2009,233,"3_Timmins",48.468117,-81.351663
"661","3_Timmins_C2_4_4",2009,224,"3_Timmins",48.468117,-81.351663
"662","3_Timmins_E18_4_5",2009,224,"3_Timmins",48.468117,-81.351663
"663","3_Timmins_C13_4_6",2009,210,"3_Timmins",48.468117,-81.351663
"664","3_Timmins_C17_4_8",2009,224,"3_Timmins",48.468117,-81.351663
"665","3_Timmins_A7_4_9",2009,214,"3_Timmins",48.468117,-81.351663
"666","3_Timmins_C1_4_11",2009,226,"3_Timmins",48.468117,-81.351663
"667","3_Timmins_C2_4_12",2009,231,"3_Timmins",48.468117,-81.351663
"668","3_Timmins_J18_4_13",2009,231,"3_Timmins",48.468117,-81.351663
"669","3_Timmins_E30_4_14",2009,212,"3_Timmins",48.468117,-81.351663
"670","3_Timmins_J17_4_15",2009,239,"3_Timmins",48.468117,-81.351663
"671","3_Timmins_E3_4_16",2009,210,"3_Timmins",48.468117,-81.351663
"672","3_Timmins_J1_4_17",2009,242,"3_Timmins",48.468117,-81.351663
"673","3_Timmins_E2_4_18",2009,226,"3_Timmins",48.468117,-81.351663
"674","3_Timmins_S15_4_19",2009,234,"3_Timmins",48.468117,-81.351663
"675","3_Timmins_J25_4_20",2009,233,"3_Timmins",48.468117,-81.351663
"676","3_Timmins_S13_4_21",2009,223,"3_Timmins",48.468117,-81.351663
"677","3_Timmins_J9_4_22",2009,233,"3_Timmins",48.468117,-81.351663
"678","3_Timmins_T10_5_1",2009,231,"3_Timmins",48.468117,-81.351663
"679","3_Timmins_T11_5_2",2009,233,"3_Timmins",48.468117,-81.351663
"680","3_Timmins_C15_5_4",2009,213,"3_Timmins",48.468117,-81.351663
"681","3_Timmins_E25_5_10",2009,228,"3_Timmins",48.468117,-81.351663
"682","3_Timmins_J7_5_11",2009,233,"3_Timmins",48.468117,-81.351663
"683","3_Timmins_C29_5_12",2009,224,"3_Timmins",48.468117,-81.351663
"684","3_Timmins_E24_5_13",2009,233,"3_Timmins",48.468117,-81.351663
"685","3_Timmins_A16_5_14",2009,212,"3_Timmins",48.468117,-81.351663
"686","3_Timmins_C15_5_18",2009,213,"3_Timmins",48.468117,-81.351663
"687","3_Timmins_J25_5_19",2009,231,"3_Timmins",48.468117,-81.351663
"688","3_Timmins_A22_5_20",2009,210,"3_Timmins",48.468117,-81.351663
"689","3_Timmins_C30_5_21",2009,214,"3_Timmins",48.468117,-81.351663
"690","3_Timmins_J7_5_23",2009,224,"3_Timmins",48.468117,-81.351663
"691","3_Timmins_C13_5_24",2009,224,"3_Timmins",48.468117,-81.351663
"692","3_Timmins_E12_6_8",2009,224,"3_Timmins",48.468117,-81.351663
"693","3_Timmins_J25_6_9",2009,231,"3_Timmins",48.468117,-81.351663
"694","3_Timmins_C11_6_10",2009,231,"3_Timmins",48.468117,-81.351663
"695","3_Timmins_J28_6_11",2009,224,"3_Timmins",48.468117,-81.351663
"696","3_Timmins_E4_6_13",2009,213,"3_Timmins",48.468117,-81.351663
"697","3_Timmins_E12_6_14",2009,224,"3_Timmins",48.468117,-81.351663
"698","3_Timmins_C28_6_15",2009,224,"3_Timmins",48.468117,-81.351663
"699","3_Timmins_C27_6_16",2009,224,"3_Timmins",48.468117,-81.351663
"700","3_Timmins_E2_6_17",2009,224,"3_Timmins",48.468117,-81.351663
"701","3_Timmins_C30_6_20",2009,224,"3_Timmins",48.468117,-81.351663
"702","3_Timmins_A18_6_21",2009,207,"3_Timmins",48.468117,-81.351663
"703","1_BEF_C13_1_1",2010,169,"1_BEF",39.059479,-78.059835
"704","1_BEF_C11_1_2",2010,174,"1_BEF",39.059479,-78.059835
"705","1_BEF_C20_1_4",2010,193,"1_BEF",39.059479,-78.059835
"706","1_BEF_T3_1_5",2010,177,"1_BEF",39.059479,-78.059835
"707","1_BEF_C18_1_6",2010,181,"1_BEF",39.059479,-78.059835
"708","1_BEF_C22_1_7",2010,174,"1_BEF",39.059479,-78.059835
"709","1_BEF_C1_1_9",2010,182,"1_BEF",39.059479,-78.059835
"710","1_BEF_J1_1_10",2010,181,"1_BEF",39.059479,-78.059835
"711","1_BEF_E6_1_12",2010,182,"1_BEF",39.059479,-78.059835
"712","1_BEF_S12_1_13",2010,182,"1_BEF",39.059479,-78.059835
"713","1_BEF_E3_1_14",2010,174,"1_BEF",39.059479,-78.059835
"714","1_BEF_J26_1_15",2010,181,"1_BEF",39.059479,-78.059835
"715","1_BEF_S10_1_16",2010,182,"1_BEF",39.059479,-78.059835
"716","1_BEF_A18_1_17",2010,175,"1_BEF",39.059479,-78.059835
"717","1_BEF_E13_1_18",2010,176,"1_BEF",39.059479,-78.059835
"718","1_BEF_T11_1_19",2010,182,"1_BEF",39.059479,-78.059835
"719","1_BEF_J21_1_20",2010,170,"1_BEF",39.059479,-78.059835
"720","1_BEF_S6_1_21",2010,182,"1_BEF",39.059479,-78.059835
"721","1_BEF_S19_2_1",2010,174,"1_BEF",39.059479,-78.059835
"722","1_BEF_J11_2_2",2010,174,"1_BEF",39.059479,-78.059835
"723","1_BEF_S15_2_3",2010,182,"1_BEF",39.059479,-78.059835
"724","1_BEF_S9_2_4",2010,182,"1_BEF",39.059479,-78.059835
"725","1_BEF_C19_2_5",2010,171,"1_BEF",39.059479,-78.059835
"726","1_BEF_C19_2_8",2010,193,"1_BEF",39.059479,-78.059835
"727","1_BEF_S23_2_11",2010,174,"1_BEF",39.059479,-78.059835
"728","1_BEF_J7_2_12",2010,177,"1_BEF",39.059479,-78.059835
"729","1_BEF_T1_2_13",2010,176,"1_BEF",39.059479,-78.059835
"730","1_BEF_E11_2_15",2010,182,"1_BEF",39.059479,-78.059835
"731","1_BEF_E15_2_16",2010,169,"1_BEF",39.059479,-78.059835
"732","1_BEF_J1_2_18",2010,188,"1_BEF",39.059479,-78.059835
"733","1_BEF_C30_2_20",2010,174,"1_BEF",39.059479,-78.059835
"734","1_BEF_C28_2_21",2010,171,"1_BEF",39.059479,-78.059835
"735","1_BEF_S19_2_22",2010,185,"1_BEF",39.059479,-78.059835
"736","1_BEF_A20_2_23",2010,170,"1_BEF",39.059479,-78.059835
"737","1_BEF_J18_3_6",2010,184,"1_BEF",39.059479,-78.059835
"738","1_BEF_J25_3_7",2010,174,"1_BEF",39.059479,-78.059835
"739","1_BEF_T6_3_9",2010,182,"1_BEF",39.059479,-78.059835
"740","1_BEF_C11_3_10",2010,185,"1_BEF",39.059479,-78.059835
"741","1_BEF_C13_3_11",2010,177,"1_BEF",39.059479,-78.059835
"742","1_BEF_S1_3_14",2010,184,"1_BEF",39.059479,-78.059835
"743","1_BEF_J22_3_15",2010,175,"1_BEF",39.059479,-78.059835
"744","1_BEF_J15_3_16",2010,182,"1_BEF",39.059479,-78.059835
"745","1_BEF_J9_3_17",2010,182,"1_BEF",39.059479,-78.059835
"746","1_BEF_S2_3_19",2010,193,"1_BEF",39.059479,-78.059835
"747","1_BEF_C15_3_21",2010,183,"1_BEF",39.059479,-78.059835
"748","1_BEF_J17_3_22",2010,174,"1_BEF",39.059479,-78.059835
"749","1_BEF_S4_4_4",2010,176,"1_BEF",39.059479,-78.059835
"750","1_BEF_S23_4_5",2010,182,"1_BEF",39.059479,-78.059835
"751","1_BEF_C2_4_7",2010,183,"1_BEF",39.059479,-78.059835
"752","1_BEF_J7_4_10",2010,183,"1_BEF",39.059479,-78.059835
"753","1_BEF_J3_4_13",2010,184,"1_BEF",39.059479,-78.059835
"754","1_BEF_C2_4_14",2010,188,"1_BEF",39.059479,-78.059835
"755","1_BEF_T14_4_15",2010,196,"1_BEF",39.059479,-78.059835
"756","1_BEF_J28_4_17",2010,176,"1_BEF",39.059479,-78.059835
"757","1_BEF_E23_4_21",2010,176,"1_BEF",39.059479,-78.059835
"758","1_BEF_T15_4_22",2010,193,"1_BEF",39.059479,-78.059835
"759","1_BEF_S10_4_23",2010,183,"1_BEF",39.059479,-78.059835
"760","1_BEF_T11_5_1",2010,183,"1_BEF",39.059479,-78.059835
"761","1_BEF_J10_5_2",2010,184,"1_BEF",39.059479,-78.059835
"762","1_BEF_S1_5_3",2010,193,"1_BEF",39.059479,-78.059835
"763","1_BEF_S12_5_4",2010,183,"1_BEF",39.059479,-78.059835
"764","1_BEF_J26_5_6",2010,175,"1_BEF",39.059479,-78.059835
"765","1_BEF_C14_5_7",2010,177,"1_BEF",39.059479,-78.059835
"766","1_BEF_E18_5_8",2010,169,"1_BEF",39.059479,-78.059835
"767","1_BEF_A6_5_9",2010,176,"1_BEF",39.059479,-78.059835
"768","1_BEF_S22_5_10",2010,193,"1_BEF",39.059479,-78.059835
"769","1_BEF_S13_5_11",2010,193,"1_BEF",39.059479,-78.059835
"770","1_BEF_J11_5_12",2010,175,"1_BEF",39.059479,-78.059835
"771","1_BEF_E13_5_13",2010,184,"1_BEF",39.059479,-78.059835
"772","1_BEF_S6_5_16",2010,182,"1_BEF",39.059479,-78.059835
"773","1_BEF_S20_5_17",2010,188,"1_BEF",39.059479,-78.059835
"774","1_BEF_J15_5_18",2010,182,"1_BEF",39.059479,-78.059835
"775","1_BEF_A22_5_19",2010,176,"1_BEF",39.059479,-78.059835
"776","1_BEF_S20_5_20",2010,185,"1_BEF",39.059479,-78.059835
"777","1_BEF_J17_5_21",2010,176,"1_BEF",39.059479,-78.059835
"778","1_BEF_S9_5_22",2010,188,"1_BEF",39.059479,-78.059835
"779","1_BEF_J10_6_1",2010,188,"1_BEF",39.059479,-78.059835
"780","1_BEF_A22_6_2",2010,175,"1_BEF",39.059479,-78.059835
"781","1_BEF_T1_6_3",2010,177,"1_BEF",39.059479,-78.059835
"782","1_BEF_J21_6_4",2010,190,"1_BEF",39.059479,-78.059835
"783","1_BEF_C29_6_7",2010,177,"1_BEF",39.059479,-78.059835
"784","1_BEF_A20_6_8",2010,177,"1_BEF",39.059479,-78.059835
"785","1_BEF_T10_6_9",2010,175,"1_BEF",39.059479,-78.059835
"786","1_BEF_E25_6_10",2010,190,"1_BEF",39.059479,-78.059835
"787","1_BEF_E18_6_11",2010,183,"1_BEF",39.059479,-78.059835
"788","1_BEF_J25_6_12",2010,182,"1_BEF",39.059479,-78.059835
"789","1_BEF_S4_6_13",2010,185,"1_BEF",39.059479,-78.059835
"790","1_BEF_A2_6_14",2010,169,"1_BEF",39.059479,-78.059835
"791","1_BEF_T2_6_16",2010,188,"1_BEF",39.059479,-78.059835
"792","1_BEF_C28_6_18",2010,182,"1_BEF",39.059479,-78.059835
"793","1_BEF_J3_6_19",2010,182,"1_BEF",39.059479,-78.059835
"794","1_BEF_J9_6_20",2010,175,"1_BEF",39.059479,-78.059835
"795","1_BEF_C29_6_21",2010,177,"1_BEF",39.059479,-78.059835
"796","1_BEF_A16_6_22",2010,174,"1_BEF",39.059479,-78.059835
"797","2_KSR_T9_1_1",2010,211,"2_KSR",44.027957,-79.541863
"798","2_KSR_C14_1_2",2010,181,"2_KSR",44.027957,-79.541863
"799","2_KSR_J15_1_3",2010,196,"2_KSR",44.027957,-79.541863
"800","2_KSR_S22_1_4",2010,224,"2_KSR",44.027957,-79.541863
"801","2_KSR_T3_1_5",2010,196,"2_KSR",44.027957,-79.541863
"802","2_KSR_S9_1_6",2010,212,"2_KSR",44.027957,-79.541863
"803","2_KSR_J22_1_7",2010,196,"2_KSR",44.027957,-79.541863
"804","2_KSR_A22_1_8",2010,188,"2_KSR",44.027957,-79.541863
"805","2_KSR_J26_1_9",2010,190,"2_KSR",44.027957,-79.541863
"806","2_KSR_T11_1_10",2010,192,"2_KSR",44.027957,-79.541863
"807","2_KSR_C27_1_11",2010,189,"2_KSR",44.027957,-79.541863
"808","2_KSR_S22_1_12",2010,225,"2_KSR",44.027957,-79.541863
"809","2_KSR_S17_1_13",2010,216,"2_KSR",44.027957,-79.541863
"810","2_KSR_S10_1_14",2010,203,"2_KSR",44.027957,-79.541863
"811","2_KSR_C30_1_15",2010,181,"2_KSR",44.027957,-79.541863
"812","2_KSR_T3_1_16",2010,188,"2_KSR",44.027957,-79.541863
"813","2_KSR_C17_1_17",2010,181,"2_KSR",44.027957,-79.541863
"814","2_KSR_E3_1_18",2010,182,"2_KSR",44.027957,-79.541863
"815","2_KSR_C19_1_19",2010,190,"2_KSR",44.027957,-79.541863
"816","2_KSR_T1_1_20",2010,189,"2_KSR",44.027957,-79.541863
"817","2_KSR_E16_1_21",2010,181,"2_KSR",44.027957,-79.541863
"818","2_KSR_S10_1_22",2010,211,"2_KSR",44.027957,-79.541863
"819","2_KSR_E16_1_23",2010,191,"2_KSR",44.027957,-79.541863
"820","2_KSR_S20_1_24",2010,216,"2_KSR",44.027957,-79.541863
"821","2_KSR_E12_1_25",2010,199,"2_KSR",44.027957,-79.541863
"822","2_KSR_J15_2_1",2010,197,"2_KSR",44.027957,-79.541863
"823","2_KSR_E6_2_2",2010,177,"2_KSR",44.027957,-79.541863
"824","2_KSR_E24_2_3",2010,191,"2_KSR",44.027957,-79.541863
"825","2_KSR_A7_2_4",2010,181,"2_KSR",44.027957,-79.541863
"826","2_KSR_J1_2_5",2010,184,"2_KSR",44.027957,-79.541863
"827","2_KSR_C11_2_6",2010,190,"2_KSR",44.027957,-79.541863
"828","2_KSR_J9_2_7",2010,191,"2_KSR",44.027957,-79.541863
"829","2_KSR_C30_2_8",2010,181,"2_KSR",44.027957,-79.541863
"830","2_KSR_E15_2_10",2010,184,"2_KSR",44.027957,-79.541863
"831","2_KSR_E30_2_11",2010,184,"2_KSR",44.027957,-79.541863
"832","2_KSR_S2_2_12",2010,198,"2_KSR",44.027957,-79.541863
"833","2_KSR_C11_2_13",2010,190,"2_KSR",44.027957,-79.541863
"834","2_KSR_J21_2_14",2010,191,"2_KSR",44.027957,-79.541863
"835","2_KSR_J10_2_15",2010,199,"2_KSR",44.027957,-79.541863
"836","2_KSR_E4_2_16",2010,181,"2_KSR",44.027957,-79.541863
"837","2_KSR_E23_2_17",2010,181,"2_KSR",44.027957,-79.541863
"838","2_KSR_E15_2_18",2010,181,"2_KSR",44.027957,-79.541863
"839","2_KSR_C1_2_19",2010,189,"2_KSR",44.027957,-79.541863
"840","2_KSR_C28_2_20",2010,181,"2_KSR",44.027957,-79.541863
"841","2_KSR_S6_2_21",2010,195,"2_KSR",44.027957,-79.541863
"842","2_KSR_J28_2_22",2010,191,"2_KSR",44.027957,-79.541863
"843","2_KSR_A7_2_23",2010,181,"2_KSR",44.027957,-79.541863
"844","2_KSR_S19_2_24",2010,213,"2_KSR",44.027957,-79.541863
"845","2_KSR_C18_2_25",2010,184,"2_KSR",44.027957,-79.541863
"846","2_KSR_T6_3_1",2010,195,"2_KSR",44.027957,-79.541863
"847","2_KSR_J25_3_2",2010,188,"2_KSR",44.027957,-79.541863
"848","2_KSR_J17_3_3",2010,202,"2_KSR",44.027957,-79.541863
"849","2_KSR_A20_3_4",2010,177,"2_KSR",44.027957,-79.541863
"850","2_KSR_C18_3_5",2010,184,"2_KSR",44.027957,-79.541863
"851","2_KSR_T15_3_6",2010,198,"2_KSR",44.027957,-79.541863
"852","2_KSR_S6_3_7",2010,196,"2_KSR",44.027957,-79.541863
"853","2_KSR_C14_3_8",2010,182,"2_KSR",44.027957,-79.541863
"854","2_KSR_J26_3_9",2010,199,"2_KSR",44.027957,-79.541863
"855","2_KSR_C13_3_10",2010,182,"2_KSR",44.027957,-79.541863
"856","2_KSR_C22_3_11",2010,181,"2_KSR",44.027957,-79.541863
"857","2_KSR_A6_3_12",2010,182,"2_KSR",44.027957,-79.541863
"858","2_KSR_A2_3_13",2010,184,"2_KSR",44.027957,-79.541863
"859","2_KSR_C27_3_14",2010,184,"2_KSR",44.027957,-79.541863
"860","2_KSR_C20_3_16",2010,186,"2_KSR",44.027957,-79.541863
"861","2_KSR_C29_3_18",2010,190,"2_KSR",44.027957,-79.541863
"862","2_KSR_C15_3_19",2010,190,"2_KSR",44.027957,-79.541863
"863","2_KSR_J11_3_20",2010,195,"2_KSR",44.027957,-79.541863
"864","2_KSR_S17_3_21",2010,210,"2_KSR",44.027957,-79.541863
"865","2_KSR_J24_3_22",2010,192,"2_KSR",44.027957,-79.541863
"866","2_KSR_C2_3_23",2010,188,"2_KSR",44.027957,-79.541863
"867","2_KSR_J7_3_24",2010,188,"2_KSR",44.027957,-79.541863
"868","2_KSR_S15_3_25",2010,213,"2_KSR",44.027957,-79.541863
"869","2_KSR_J21_4_2",2010,185,"2_KSR",44.027957,-79.541863
"870","2_KSR_A6_4_3",2010,188,"2_KSR",44.027957,-79.541863
"871","2_KSR_E3_4_4",2010,176,"2_KSR",44.027957,-79.541863
"872","2_KSR_C22_4_5",2010,182,"2_KSR",44.027957,-79.541863
"873","2_KSR_T1_4_6",2010,195,"2_KSR",44.027957,-79.541863
"874","2_KSR_E6_4_7",2010,184,"2_KSR",44.027957,-79.541863
"875","2_KSR_E25_4_8",2010,182,"2_KSR",44.027957,-79.541863
"876","2_KSR_A16_4_9",2010,178,"2_KSR",44.027957,-79.541863
"877","2_KSR_E18_4_11",2010,184,"2_KSR",44.027957,-79.541863
"878","2_KSR_S13_4_12",2010,211,"2_KSR",44.027957,-79.541863
"879","2_KSR_A2_4_13",2010,188,"2_KSR",44.027957,-79.541863
"880","2_KSR_J1_4_15",2010,195,"2_KSR",44.027957,-79.541863
"881","2_KSR_S13_4_16",2010,198,"2_KSR",44.027957,-79.541863
"882","2_KSR_E2_4_17",2010,188,"2_KSR",44.027957,-79.541863
"883","2_KSR_S9_4_18",2010,209,"2_KSR",44.027957,-79.541863
"884","2_KSR_E11_4_19",2010,182,"2_KSR",44.027957,-79.541863
"885","2_KSR_T6_4_21",2010,195,"2_KSR",44.027957,-79.541863
"886","2_KSR_S19_4_22",2010,216,"2_KSR",44.027957,-79.541863
"887","2_KSR_T10_4_23",2010,188,"2_KSR",44.027957,-79.541863
"888","2_KSR_C19_4_24",2010,181,"2_KSR",44.027957,-79.541863
"889","2_KSR_E12_4_25",2010,181,"2_KSR",44.027957,-79.541863
"890","2_KSR_J3_5_1",2010,190,"2_KSR",44.027957,-79.541863
"891","2_KSR_T10_5_2",2010,190,"2_KSR",44.027957,-79.541863
"892","2_KSR_E25_5_3",2010,175,"2_KSR",44.027957,-79.541863
"893","2_KSR_S4_5_4",2010,218,"2_KSR",44.027957,-79.541863
"894","2_KSR_T15_5_5",2010,196,"2_KSR",44.027957,-79.541863
"895","2_KSR_J24_5_6",2010,188,"2_KSR",44.027957,-79.541863
"896","2_KSR_S1_5_7",2010,216,"2_KSR",44.027957,-79.541863
"897","2_KSR_E18_5_8",2010,188,"2_KSR",44.027957,-79.541863
"898","2_KSR_S14_5_10",2010,218,"2_KSR",44.027957,-79.541863
"899","2_KSR_C2_5_11",2010,188,"2_KSR",44.027957,-79.541863
"900","2_KSR_E23_5_12",2010,181,"2_KSR",44.027957,-79.541863
"901","2_KSR_E24_5_13",2010,188,"2_KSR",44.027957,-79.541863
"902","2_KSR_C20_5_14",2010,188,"2_KSR",44.027957,-79.541863
"903","2_KSR_E17_5_16",2010,181,"2_KSR",44.027957,-79.541863
"904","2_KSR_T2_5_17",2010,199,"2_KSR",44.027957,-79.541863
"905","2_KSR_T2_5_19",2010,190,"2_KSR",44.027957,-79.541863
"906","2_KSR_S23_5_20",2010,202,"2_KSR",44.027957,-79.541863
"907","2_KSR_S23_5_21",2010,216,"2_KSR",44.027957,-79.541863
"908","2_KSR_E13_5_22",2010,183,"2_KSR",44.027957,-79.541863
"909","2_KSR_J11_5_23",2010,199,"2_KSR",44.027957,-79.541863
"910","2_KSR_E17_5_24",2010,191,"2_KSR",44.027957,-79.541863
"911","2_KSR_C17_5_25",2010,191,"2_KSR",44.027957,-79.541863
"912","2_KSR_C1_6_1",2010,156,"2_KSR",44.027957,-79.541863
"913","2_KSR_J7_6_2",2010,190,"2_KSR",44.027957,-79.541863
"914","2_KSR_C29_6_3",2010,182,"2_KSR",44.027957,-79.541863
"915","2_KSR_A22_6_4",2010,190,"2_KSR",44.027957,-79.541863
"916","2_KSR_J22_6_5",2010,189,"2_KSR",44.027957,-79.541863
"917","2_KSR_E13_6_6",2010,174,"2_KSR",44.027957,-79.541863
"918","2_KSR_S1_6_7",2010,230,"2_KSR",44.027957,-79.541863
"919","2_KSR_T7_6_8",2010,184,"2_KSR",44.027957,-79.541863
"920","2_KSR_J25_6_9",2010,192,"2_KSR",44.027957,-79.541863
"921","2_KSR_C15_6_10",2010,184,"2_KSR",44.027957,-79.541863
"922","2_KSR_T14_6_11",2010,197,"2_KSR",44.027957,-79.541863
"923","2_KSR_A18_6_12",2010,189,"2_KSR",44.027957,-79.541863
"924","2_KSR_E30_6_13",2010,181,"2_KSR",44.027957,-79.541863
"925","2_KSR_E2_6_14",2010,188,"2_KSR",44.027957,-79.541863
"926","2_KSR_E11_6_15",2010,188,"2_KSR",44.027957,-79.541863
"927","2_KSR_S14_6_16",2010,223,"2_KSR",44.027957,-79.541863
"928","2_KSR_A12_6_17",2010,175,"2_KSR",44.027957,-79.541863
"929","2_KSR_A16_6_18",2010,181,"2_KSR",44.027957,-79.541863
"930","2_KSR_J9_6_19",2010,188,"2_KSR",44.027957,-79.541863
"931","2_KSR_J28_6_20",2010,200,"2_KSR",44.027957,-79.541863
"932","2_KSR_S20_6_21",2010,223,"2_KSR",44.027957,-79.541863
"933","2_KSR_J18_6_22",2010,202,"2_KSR",44.027957,-79.541863
"934","2_KSR_S15_6_23",2010,205,"2_KSR",44.027957,-79.541863
"935","2_KSR_S2_6_24",2010,202,"2_KSR",44.027957,-79.541863
"936","2_KSR_J10_6_25",2010,203,"2_KSR",44.027957,-79.541863
"937","3_Timmins_C18_1_1",2010,209,"3_Timmins",48.468117,-81.351663
"938","3_Timmins_E3_1_2",2010,217,"3_Timmins",48.468117,-81.351663
"939","3_Timmins_E23_1_6",2010,218,"3_Timmins",48.468117,-81.351663
"940","3_Timmins_C18_1_9",2010,213,"3_Timmins",48.468117,-81.351663
"941","3_Timmins_J9_1_10",2010,217,"3_Timmins",48.468117,-81.351663
"942","3_Timmins_S6_1_12",2010,231,"3_Timmins",48.468117,-81.351663
"943","3_Timmins_C1_1_13",2010,223,"3_Timmins",48.468117,-81.351663
"944","3_Timmins_C14_1_15",2010,204,"3_Timmins",48.468117,-81.351663
"945","3_Timmins_S19_1_17",2010,231,"3_Timmins",48.468117,-81.351663
"946","3_Timmins_E6_1_20",2010,209,"3_Timmins",48.468117,-81.351663
"947","3_Timmins_J10_1_21",2010,246,"3_Timmins",48.468117,-81.351663
"948","3_Timmins_C27_2_3",2010,234,"3_Timmins",48.468117,-81.351663
"949","3_Timmins_S12_2_5",2010,237,"3_Timmins",48.468117,-81.351663
"950","3_Timmins_S4_2_6",2010,234,"3_Timmins",48.468117,-81.351663
"951","3_Timmins_A18_2_7",2010,202,"3_Timmins",48.468117,-81.351663
"952","3_Timmins_E6_2_9",2010,211,"3_Timmins",48.468117,-81.351663
"953","3_Timmins_E11_2_11",2010,202,"3_Timmins",48.468117,-81.351663
"954","3_Timmins_C20_2_13",2010,217,"3_Timmins",48.468117,-81.351663
"955","3_Timmins_C19_2_16",2010,209,"3_Timmins",48.468117,-81.351663
"956","3_Timmins_T11_2_17",2010,223,"3_Timmins",48.468117,-81.351663
"957","3_Timmins_E18_2_18",2010,202,"3_Timmins",48.468117,-81.351663
"958","3_Timmins_J26_2_19",2010,220,"3_Timmins",48.468117,-81.351663
"959","3_Timmins_A6_2_21",2010,223,"3_Timmins",48.468117,-81.351663
"960","3_Timmins_C14_2_25",2010,213,"3_Timmins",48.468117,-81.351663
"961","3_Timmins_J21_3_1",2010,241,"3_Timmins",48.468117,-81.351663
"962","3_Timmins_A12_3_2",2010,197,"3_Timmins",48.468117,-81.351663
"963","3_Timmins_E13_3_3",2010,197,"3_Timmins",48.468117,-81.351663
"964","3_Timmins_A22_3_4",2010,209,"3_Timmins",48.468117,-81.351663
"965","3_Timmins_A2_3_5",2010,204,"3_Timmins",48.468117,-81.351663
"966","3_Timmins_A13_3_6",2010,209,"3_Timmins",48.468117,-81.351663
"967","3_Timmins_T6_3_7",2010,217,"3_Timmins",48.468117,-81.351663
"968","3_Timmins_J24_3_9",2010,224,"3_Timmins",48.468117,-81.351663
"969","3_Timmins_T15_3_10",2010,241,"3_Timmins",48.468117,-81.351663
"970","3_Timmins_C28_3_11",2010,221,"3_Timmins",48.468117,-81.351663
"971","3_Timmins_C29_3_12",2010,225,"3_Timmins",48.468117,-81.351663
"972","3_Timmins_C22_3_14",2010,197,"3_Timmins",48.468117,-81.351663
"973","3_Timmins_T6_3_16",2010,217,"3_Timmins",48.468117,-81.351663
"974","3_Timmins_E15_3_17",2010,217,"3_Timmins",48.468117,-81.351663
"975","3_Timmins_S6_3_18",2010,231,"3_Timmins",48.468117,-81.351663
"976","3_Timmins_J21_3_19",2010,227,"3_Timmins",48.468117,-81.351663
"977","3_Timmins_J11_3_20",2010,209,"3_Timmins",48.468117,-81.351663
"978","3_Timmins_E16_3_21",2010,219,"3_Timmins",48.468117,-81.351663
"979","3_Timmins_C11_3_22",2010,209,"3_Timmins",48.468117,-81.351663
"980","3_Timmins_E17_4_1",2010,202,"3_Timmins",48.468117,-81.351663
"981","3_Timmins_C20_4_2",2010,205,"3_Timmins",48.468117,-81.351663
"982","3_Timmins_J24_4_3",2010,226,"3_Timmins",48.468117,-81.351663
"983","3_Timmins_C2_4_4",2010,213,"3_Timmins",48.468117,-81.351663
"984","3_Timmins_E18_4_5",2010,226,"3_Timmins",48.468117,-81.351663
"985","3_Timmins_C13_4_6",2010,225,"3_Timmins",48.468117,-81.351663
"986","3_Timmins_C17_4_8",2010,197,"3_Timmins",48.468117,-81.351663
"987","3_Timmins_A7_4_9",2010,202,"3_Timmins",48.468117,-81.351663
"988","3_Timmins_C1_4_11",2010,202,"3_Timmins",48.468117,-81.351663
"989","3_Timmins_C2_4_12",2010,217,"3_Timmins",48.468117,-81.351663
"990","3_Timmins_J18_4_13",2010,225,"3_Timmins",48.468117,-81.351663
"991","3_Timmins_E30_4_14",2010,231,"3_Timmins",48.468117,-81.351663
"992","3_Timmins_E3_4_16",2010,206,"3_Timmins",48.468117,-81.351663
"993","3_Timmins_E2_4_18",2010,217,"3_Timmins",48.468117,-81.351663
"994","3_Timmins_S15_4_19",2010,237,"3_Timmins",48.468117,-81.351663
"995","3_Timmins_S13_4_21",2010,231,"3_Timmins",48.468117,-81.351663
"996","3_Timmins_J9_4_22",2010,226,"3_Timmins",48.468117,-81.351663
"997","3_Timmins_T10_5_1",2010,206,"3_Timmins",48.468117,-81.351663
"998","3_Timmins_T11_5_2",2010,219,"3_Timmins",48.468117,-81.351663
"999","3_Timmins_C15_5_4",2010,203,"3_Timmins",48.468117,-81.351663
"1000","3_Timmins_E25_5_10",2010,223,"3_Timmins",48.468117,-81.351663
"1001","3_Timmins_J7_5_11",2010,234,"3_Timmins",48.468117,-81.351663
"1002","3_Timmins_C29_5_12",2010,212,"3_Timmins",48.468117,-81.351663
"1003","3_Timmins_E24_5_13",2010,217,"3_Timmins",48.468117,-81.351663
"1004","3_Timmins_A16_5_14",2010,209,"3_Timmins",48.468117,-81.351663
"1005","3_Timmins_C15_5_18",2010,203,"3_Timmins",48.468117,-81.351663
"1006","3_Timmins_J25_5_19",2010,223,"3_Timmins",48.468117,-81.351663
"1007","3_Timmins_A22_5_20",2010,226,"3_Timmins",48.468117,-81.351663
"1008","3_Timmins_C30_5_21",2010,202,"3_Timmins",48.468117,-81.351663
"1009","3_Timmins_J7_5_23",2010,217,"3_Timmins",48.468117,-81.351663
"1010","3_Timmins_C13_5_24",2010,220,"3_Timmins",48.468117,-81.351663
"1011","3_Timmins_A7_6_3",2010,227,"3_Timmins",48.468117,-81.351663
"1012","3_Timmins_E12_6_8",2010,209,"3_Timmins",48.468117,-81.351663
"1013","3_Timmins_J25_6_9",2010,206,"3_Timmins",48.468117,-81.351663
"1014","3_Timmins_C11_6_10",2010,237,"3_Timmins",48.468117,-81.351663
"1015","3_Timmins_J28_6_11",2010,211,"3_Timmins",48.468117,-81.351663
"1016","3_Timmins_E4_6_13",2010,206,"3_Timmins",48.468117,-81.351663
"1017","3_Timmins_E12_6_14",2010,209,"3_Timmins",48.468117,-81.351663
"1018","3_Timmins_C28_6_15",2010,223,"3_Timmins",48.468117,-81.351663
"1019","3_Timmins_C27_6_16",2010,213,"3_Timmins",48.468117,-81.351663
"1020","3_Timmins_J15_6_18",2010,241,"3_Timmins",48.468117,-81.351663
"1021","3_Timmins_C30_6_20",2010,211,"3_Timmins",48.468117,-81.351663
"1022","3_Timmins_A18_6_21",2010,197,"3_Timmins",48.468117,-81.351663
